1 csf3 cerebralgm_left5 cerebralgm_right7 cerebralwm_left9 cerebralwm_right11 cerebellargm_left13 cerebellargm_right15 cerebellarwm_left17 cerebellarwm_right19 vermis21 brainstem23 caudate_left25 caudate_right27 amygdala_right29 amygdala_left31 hippocampus_left33 hippocampus_right35 pallidum_left37 pallidum_right39 putamen_left41 putamen_right43 thalamus_left45 thalamus_right47 ventraldc_left49 ventraldc_right